0xdfc3bf90ee6c4e459d1d2510e8c8d068e8c7ac2e,83
0x7fa0ac0a02ce759cbc6101ff5b07c5e0d1d5fc98,43
0x040e4fc0aad25dd86226d0771dcb4a05badba2b1,18
0xd7a4acaf3263ef2616afe7773d538801dda9b6b0,15
0xa27b8ca845ae157138caebdc2424e6e5fb841746,10
0x5338035c008ea8c4b850052bc8dad6a33dc2206c,8
0x088814aa47878c126c527cf61e40955f38305de3,6
0xbb05c476f70e72523ad83106cbc050e771ff73a5,4
0x6b4052f0fc89d486f5daa7501419ad20dc7a2c36,3
0x433e254e11dfc01464d39635a4ced764933a6011,3
0xb78994cb15815d77a0320dbe8196f113043e70d1,2
0x68cfffa9f2806477a9c6352e5b792385759c4605,2
0xd947e9dbb0e173874cbe28aff8d71196ed92c9a1,2
0x19495543c0fbb99250ff11cc0406de517a5941e8,2
0xdffb14163565bc3c88f93743e93172640f607cbf,2
0x0330b8896316f7fc89e1beee5f141c0102eed772,2
0xd2033db9c5370ac76abd80823b5c5adc097e2fbf,1
0xb32fc7b40a89e0547bd16664a57fcfceecbeeeec,1
0xf7c5b4117d87968c46987c301ee9dca68d4248a7,1
0xcd2144f8ecc9cf5490b594e53c0537b9b1bd2c32,1
0x4b29bed637445666f8f86586764ad40e115f5a55,1
0x132a26c0e815704ce64283f4aab7333ccdc175dc,1
0xd5b7690ada5cb6942830c63a1b13142d406c6b3e,1
0x71f30cd5b0c471089d06669e3cb7b3c3007b209b,1
0xccb82218c6f82a2b750cf0d65e21ae6eae14070c,1
0x280c5201be36fbd93e091393aa54c76ab1057978,1
0xd344d496f663a459aae6518bf3c017361f266afa,1
0x9f87eecc5671b4d55187866b3502db58fcb9d9a3,1
0x161075986635dfe5934fe77e54036b25962c20ee,1
0xcd62066073e63b6f8f3d6bd194d52bc977807486,1
0x3e1084ddb8a931a2cae673292f5e707b5125c2f0,1
0xfdbcc746485c0dac48d9a8d9f4255871133e6454,1
0x5380765118c1d9e32117164ebfe037637be5fa16,1
0xab3222de95fbeb9a04095891498e7695790748e8,1
0x7f1c28cb34f3342c9f575dfea9da656fc7f9f952,1
0xe22647c7596c3459154039cfa37cf539c5ca57ef,1
0xd7f128defa164d5f48cc1dc6474935331920b06f,1
0x64e714344780b12384597f5bf9ae35f9adf98863,1
0x9d3764367969e9ba912264de83c212b2d1ba3d03,1
0x3e0619f4301f6b8f013fc603574bc52484296c2b,1
0xf0b1dad0027b4ae38baaeb2878a64f9fd8a378e4,1
0x003fa4b61302290b61bf099087c4259c062d5640,1
0xea38e92964a464b71fb935323f4dbab4b1318d3a,1
0x65a667fa11f0dcacbc7f8dd24446a12e9a15312c,1
0x2155422d571ee78f3bab97d8dddf15a6d9157acf,1
0x65cf1c5b753baf61f2f49d6f568a71afee691329,1
0xff33c82337dce4a11af0bc4b7cd6d281738a5a37,1
0x1098730451963cd4eec699059a5783eb0c91993d,1
0xc5ae314618de6d9b7de67a222bcf734e470e176e,1
0x312b01cbfa97fdd805cc6ed7c5da9fb37d143484,1
0xce21b8517fc92362de4af33a1230b1e12aeb581d,1
0x3f3aa7c765e26adaa9f62705e186e907cc5b52fb,1
0x4a3894e867cfa743d09c7397eb740a926f906f53,1
0xb55a9a8000bcc1ba5845d9f0d1d06a4d374b3384,1
0x975776e4b44d838a134819df2adcc3394d88864b,1
0xa23d2bc20ad9ae652c58ca4956273ef4d06dd489,1
0x1a1b9e31ab43dcb679dc608ffd6f0acbc0823801,1
0xa0085b48dd8a0024bcb76910fefb2d9ec9d2c1b6,1
0xbb6f77d1b471d16324f1aaa9f6d48480b98de4ae,1
0x0b41ec8f046ddd5092d1a7242d867e10048b21f4,1
0xea101abf2aa87e621caefeb64e6bfe34340b822d,1
0x6c33c8f0e973139b11a270d1217f69f51ef3ae55,1
0x5cf25606315b277ef7f8e9df721d67b1607e7a08,1
0x10caa0054d874799510154f9906e2887602c25ea,1
0xc25eb19a00e8fcf38124fc9f6a7326c10cf09368,1
0x8e246c8c37c82d3f89726773e58b43baa8614214,1
0x771c91e7e1f3226b0d9d7acfbfcc2aacb4255e7c,1
0x461140839d9fc992f64ea0029f5890e711ddbaf2,1
0xc17f20335080cd0b7283e042c89f16605f3a085f,1
0xde768d24a1c1a4ab90652f91459f4ee81a1e2130,1
0xe2d70f3254fc0f2f72e933191737d15c4907d6a2,1
0x457bd8b39eff39ed87a7bfa034b4c1239b83e73e,1
0x36a03023708e019b0f8e6f9e7e8e71f94bca2b63,1
0x5490dfd4a564ec73fa17dd2e94bea1b362ce434c,1
0x327ba2b8cad057996179bb348fee853282394f5e,1
0xd8276041b083f8864b6e8953988c44e3921de2c4,1
0x1e48fb5fbbabca7291d2463ded70179c7ffd2660,1
0xb31347139a01630e3d63cdecf836823809c9a297,1
0x8c054c4a0c2671a53a6783f5a66f9fe9109bae19,1
0xf8d22175665b1f02226fff99fc7e00ffaffc7ce6,1
0x18e09ee9e1d5d4d9535534bee01054f6345f6eb6,1
0x43601fa8a032974a0f558f5bd3afe6865ae13a76,1
0x49e53fb3d5bf1532febad88a1979e33a94844d1d,1
0xbc13335160eca3d5219a3df879206da2a2942fb7,1
0xf8bd362a8ed45eba89bb23fac7b195dfad3d770a,1
0x7d728247dc6e2b23e6b2189f87f341fe346f1487,1
0x1b7577729e06c6c92dae3edaf6d0d6ab029a1c3d,1
0xdfb7009edd56ada61ce83ef03111815efa604c7e,1
0xb5dab56d718202ea78920ab1ae28c5f4cca3fbb9,1
0xe01459bc9d02a487e98567e8d99e7efb02778418,1
0x2dba976150079f2461cb5745f85f4cf1a4b61042,1
0x18bdd6f71341c8bc169aa734647df0638a684a0a,1
0x1f7d3f763c9ae7cb02da3f2c9c30b0fd6a36e9e4,1
0xf3d169083e10c1d36e90cb3ca313934a78f75532,1
0x2f6f76d14a9c829de714ef0fc0768012c8fb3b00,1
0x46698ad8bc5f451c4628805c4632c3acba6ccbb5,1
0xae17b016fad147fcac758f0fbbb63c81af00f900,1
0xa3bb15582fe17cfce5c0410862823b0a11789d11,1
0x95b4f364038a7d7f91ca882668cdbc00e21d9988,1
0xcb87186061c7afbdc45141f43f24c736f861641e,1
0xc6d725b42ddd3257f8ef05f807ac3155ac70af87,1
0xd59316c87154dc13d40f7dbaa689470600722991,1
0xbeb1893af571c523fc5cc96c8bbe07a60a9035a0,1
0x8f76300da80ef04f1cd4767f9d3c1b70f22e2c96,1
0x98ccc3f58988f55a66420f69cb9987f10f1d6052,1
0x68ecb5bd0476ecf7303b2737cba1d8ad5476e366,1
0xe8750fc05f45e80e22be835de3e609e0cadca256,1
0xcba8fbd8e9d07f12de38b8b832500b2ffc2eac97,1
0x5a0fff32f4c17837b98a6c0b4128bdad735d27be,1
0xb1f7e053c96b4d57b576bae8ae3e992a81bfbbd6,1
0xa1a3130a8d8e7610aad1e162f667ea31cffdf589,1
0x0d3785f5e235bee1378233ec7cb7e33070240db8,1
0xcdbc87bdaf63a64aabcd5884f59e59d66aee9e2e,1
0xbbb4909c80dc8063d525ebeddfc8fa3252539ab9,1
0x6322ae5cef4bb3e7ef3d2e21dba704edbfff293a,1
0x06ea9065ffbf19ae8ab970c4927efcf432b27ef4,1
0xe111a1119acc0f6d8f73edf88bd834f92570d4f0,1
0x1f9d5ef83c0c08c39bcfc651e32a25d7436299dc,1
0xe31f1d5ce90bc6a9cf22ec4e2e3699fc451efd36,1
0x347c6038883eed1816cb73672f95500a5934b621,1
0xba6dbb65ddd798eeef7c6ab9e1add81a098d8083,1
0xce90f7f63fb5c7caa43bd6a9108949112397feaf,1
0x9620da3d1cece0ac2b43d5012270b4036894de4a,1
0xda855d789c5787184ddb3984b8b3378679f629d8,1
0x8a7fd3eb9e41b3dd1b37f853b7a5252c59a782fd,1
0x3f62e4c7c23f540445534a9ce62e7b9be45333af,1
0xb51fe34f4990ef2dc919a60502f2469a3158f952,1
0x9a30a48cca49760bbc92a96f8ba5bad37163fe4e,1
0x24a18ad37bcce7022ec1f360e9c53f31717a513e,1
0x5aa3b9c5e863e0fa407710c7bd1e3f6e9228ee76,1
0x47ffc7da380e02af7afb63c786358e111a6d2ffe,1
0xb2ee477ced8d69afdb5707b31170c782f5f26f5b,1
0xd12b1c64c99e7e03d496a387521c480e96ead328,1
0xc9e61985359f49bebe66c6de28b841d6b90badac,1
0x0841904c1a03d1ef81015081a099baf451ff09ef,1
0xcd7c3a4042a9c3c069ab6aadeec465ee981f13da,1
0x013cc394844aa993d73ca9a08d89dd6d046f3bcc,1
0x34c935743ddeacbd6675d2705e4a55992eb99f82,1
0x45a1f7fabfd9c69384f75740a8c1cc4aed33d7a9,1
0xb44ac4e7977022bda42d181e9c26078d9edb7b5e,1
0xf8fdacb20aaf0d15e8e7169f918e80ed132d534d,1
0xff5f18bd974c0eb6385d455903ae8db719759b3d,1
0x55d4ba59a84fe93d91b1f6fc48aa02255ac75492,1
0xd925cbbc53f8d70a05eba2f7abf4eb35d95f5180,1
0x0a4a7a6f1fe1cf069a80b7c947c9219de6fe972a,1
0xb80c6b898f5edb81a62f8822c233a760bee18fc8,1
0x14c76fb075a65e23b940f286f41a5137bb520848,1
0xea7844f347e420900c21fcdb6fa58ea9c742260d,1
0x2526b26d31500d8d7711b80e22a9f48d2142a2ef,1
0x3cd718fb21e956eff9ffd2ff7960516570dafd5b,1
0x723a2d0e9c9765bca268f420c3cdc86c5f049f44,1
0x2537d4853c9e8fb90bf8201af3d44376b195b407,1
0xb366e2348ca1e6d46d9124e719be8a7cf4b1dc86,1
0x83f4ff6eebde47df8eaa60fe3562aabbbabe7df3,1
0x707424a995b7a5f6244e49c27afeeeacbc8da2fa,1
0x60ec52c7749d3e77867bcd29cb0c25840ae0634a,1
0x4de9b5132adfe1eddab734665e6c5cb42ba30e9f,1
0x04bbb7ea18ea570ae47d4489991645e4e49bbf37,1
0x671c365f846e54a4866a42e05a3e8eb67e7e2032,1
0xcdeda6279b4eaedd9055ab728b6568c9fa989807,1
0x9218f7bb316ba22572779cd0a47fe02d380ac721,1
0xeb2a38ec02b44218d371982d51ec961bd2b17321,1
0x186113e44d217117e327c3b16dd547ee42967c06,1
0xff634f9ed1005198f3ae614328d2274c97e97b56,1
0xceda8a3f287229f2b31c258af51c7f9e4009e4ff,1
0x5a5ec18fcf9db025d24c3674dd48ff40d5305204,1
0xeea088fe618c9f44bf5b678785a7b74a7925cccc,1
0x744973e5b6823d03cda1f13e960976d90d9a1d9d,1
0x075e173af0275f673e8bb2310c9b0611d776feab,1
0x868ee9224454b51df93b1bebf647edec22a15a9f,1
0x8c4173bdae45b0aa86b5971db64065f3de65f809,1
0xd4b82072f6fc671cdde7fa720d56e98e87bee1ce,1
0xebc4fa7f4e8378b00374f97166d833e2f6ab0646,1
0xd3636aec7782ac9ed00dea96ac82636c23b050ca,1
0x50deefc1fd366d42846b1c0a23965abc01261b38,1
0x78b74a80ef6270c7c5b22f9a3db766d7a32d6ea7,1
0xa81ea590fd4c27d02d4ebb2bd95903b99d9824c7,1
0xecd9dbc240824a839f514f3d6f9ebf831480aea6,1
0x9b073e03dad89ac4f7481a8c670fe18e992d29ea,1
0x8864a9372b7105f4aa1b8fe89840caff02373f50,1
0x6973c3e05d9821b8cbb7bf43c40c903a211753b2,1
0x793c8b766d4f6a6c04b1dcc98830ff3808f3e627,1
0x70c303a08a07edbc3993423c54c44a2d9fae7d91,1
0x058a9bbaa8e8e4dbd3defb383aee69d617e83d6a,1
0x8fbc89b8d9ed06f9454b8bd45277e64e1977693e,1
0x350f2383aee8c607df7bc10b94fd064d1bfb3904,1